uid,email,contactEmail,role,createdAt
zeiCe0mNsWbFhLs88VdU3Rw6rm53,37glenn@googlemail.com,37glenn@googlemail.com,user,2026-06-22T13:34:50.081Z
BYt9dh7SXyZGu0CtC6GyV3Lc7Dt1,a.carter782@gmail.com,,pro,2025-12-28T13:56:05.148Z
f4TbGwhcdVMIal4y65fX6w5593C3,adamfbult@gmail.com,,user,2026-05-30T07:13:10.932Z
ZyNpPWs1jdPAyRaPET3BXOV0lwW2,adelemortimer@hotmail.com,adelemortimer@hotmail.com,user,2026-06-15T15:35:49.822Z
lMrmK17fQDaNlUwhXA0iGKFPTJv1,af.filomeno@gmail.com,af.filomeno@gmail.com,user,2026-07-15T14:14:13.967Z
uzRL3geFxFbM71QQD3zk5bCj1N73,ajhassall@sky.com,ajhassall@sky.com,user,2026-08-10T08:41:14.796Z
Val22whIWrf66RZGvyjnYC8ztTi2,akellywyams@gmail.com,akellywyams@gmail.com,user,2026-04-13T05:49:43.128Z
XuAlz3J1fvVCWuBsAKTQ50h9bm33,alfiehelen09@gmail.com,alfiehelen09@gmail.com,user,2026-06-14T19:09:58.868Z
0eFD3rdgg3PHtspat1vUmZX2XCk1,andrewchapman1973@gmail.com,,user,2026-02-09T21:03:03.109Z
s8kAH9Qrs1dgmsJQihweDPVd2cY2,andy.bramwell@hotmail.co.uk,andy.bramwell@hotmail.co.uk,user,2026-07-21T08:09:29.412Z
WR2YZ76r3kPUUslJfJmxVzcad2g1,angie.ryan@live.com,angie.ryan@live.com,user,2026-07-27T17:31:37.865Z
24oqfomNdPQ7pIeq8yevdheyxEi1,anthonyelse95@gmail.com,anthonyelse95@gmail.com,user,2026-06-15T18:14:28.507Z
YNKWVEqAjPcilRZBRkPYfXzrW2c2,qx42qm59sq@privaterelay.appleid.com,armartins30@gmail.com,user,2026-04-13T13:02:17.397Z
elupHGep3kX3vj1rndlltqndMHw2,aszchlebinska@gmail.com,aszchlebinska@gmail.com,user,2026-08-02T21:23:41.711Z
Yubgstbw6vYp7lvUevePpZaMfoz2,barotova.t@gmail.com,barotova.t@gmail.com,user,2026-07-21T09:09:29.288Z
iAueIyblggXFT3dP6U8sZc4fii12,barryrogers1@live.co.uk,barryrogers1@live.co.uk,user,2026-05-17T15:32:01.726Z
iunrZmPYCAZa1ITgWBmoWLXv4w02,beerdrinkingdad@gmail.com,beerdrinkingdad@gmail.com,user,2026-06-25T20:11:55.957Z
jzKq46crGIXSH4q4gpAnTulEt8F2,benpluto@googlemail.com,benpluto@googlemail.com,user,2026-06-15T20:12:20.246Z
u1OTpAED38PtxmF8l2chzW84OUI3,biltong11@gmail.com,biltong11@gmail.com,user,2026-04-18T18:10:04.247Z
ev5gESyvs2TTTsCDEJdWJ7baRFD2,bwhite161@gmail.com,bwhite161@gmail.com,user,2026-05-31T20:43:17.939Z
NSFzQnScQJQdsJPOby1ztvSkhDj2,callumking00@gmail.com,callumking00@gmail.com,user,2026-05-26T20:12:15.449Z
HfzATWJczEPxb9tD0WFUAlq0ccI3,carlbird1@hotmail.com,carlbird1@hotmail.com,user,2026-08-16T10:38:44.243Z
hlhr3gf1WpQEcMPV4rPxrO6QvEV2,cherylverkerk83@outlook.com,cherylverkerk83@outlook.com,user,2026-06-22T19:46:39.372Z
oQU7NTrr4MVncAi2rDxTUb64HzO2,chris.lane3004@hotmail.co.uk,chris.lane3004@hotmail.co.uk,user,2026-07-28T14:20:14.954Z
53qHj9QcRMbmQumr5zBlOJ8VQn33,chrissyaecottrell@gmail.com,chrissyaecottrell@gmail.com,user,2026-04-13T16:38:06.225Z
hNNy4bBW4nWWGAeQEipXbtURzMF3,chrisweeden90@gmail.com,chrisweeden90@gmail.com,pro,2026-05-11T21:03:57.538Z
cU2XegnHYgg30y0jZfJXTLrmgp43,chriswjames81@gmail.com,,user,2026-07-28T11:48:47.025Z
CznsLiT7RRVOdtW0kkb3p19QNLX2,cj.winslow@live.com,cj.winslow@live.com,user,2026-06-24T18:15:27.411Z
r7iBXpLllzY6bjMkEJjx0vvZxm53,cliff.hoy@gmail.com,cliff.hoy@gmail.com,user,2026-04-14T08:21:17.810Z
vCQDhPNBB2g5uZSQegamxUNRkkQ2,cliffhoy@outlook.com,cliffhoy@outlook.com,user,2026-04-13T19:03:45.462Z
XLQRUvojF9Zu55crLkVh0eWEias1,coffee-rider.arena910@passmail.net,coffee-rider.arena910@passmail.net,user,2026-07-14T20:23:43.310Z
0nMh5qNWk0dhz2uTGRwWLIMRUsK2,coffeeridertestone@gmail.com,,pro,2026-07-18T16:22:08.114Z
Ga2iBJOBgmQ8lxJFl35zobswLlB3,coffeeridertesttwo@gmail.com,coffeeridertesttwo@gmail.com,user,2026-06-25T14:31:08.810Z
sco4SG5SJZNnsTS2Gz1Nl9AKM3X2,colin.castle031@gmail.com,colin.castle031@gmail.com,user,2026-07-27T20:58:12.858Z
wgx7JevIznZlAD9AvpwDUfJF0Fs1,colinpar63@gmail.com,colinpar63@gmail.com,user,2026-06-24T17:41:54.435Z
ZD0JoFgbi0Tz7kRDqUM3TzTs8ob2,d.n.cooper97@gmail.com,d.n.cooper97@gmail.com,user,2026-06-17T22:48:18.553Z
oUUZmu4EA8epN18FTVCayfxcA372,daanyaalk@icloud.com,,user,2026-07-08T12:09:12.855Z
F9WcUW396ccv9P4qoSFAmogLoYa2,dangerdan203@googlemail.com,dangerdan203@googlemail.com,user,2026-07-16T17:54:59.702Z
DoJWuaVVGqayAdd7v7CkOIUzwws2,darren@blackcatguitars.uk,darren@blackcatguitars.uk,user,2026-08-01T17:39:18.443Z
M7Kh0LkKH0TtN5EWdT9dosgJESa2,davedrummint.knight@gmail.com,davedrummint.knight@gmail.com,user,2026-06-22T15:50:31.074Z
IyMEvwrPIcYJvvc409rrucVeIJE3,daveluetchford40@gmail.com,daveluetchford40@gmail.com,user,2026-05-16T17:13:18.273Z
XhkZKpkgJ4XOod1JhpWX3kuMo6G2,declan.wookey@outlook.com,declan.wookey@outlook.com,user,2026-06-22T17:47:09.879Z
9xnD4C1V3Edjocwen5GjeDvb2SG2,dowgiertania@gmail.com,dowgiertania@gmail.com,user,2026-06-15T15:47:15.622Z
vMKPoHWLV9QzIAjQq60rI0ID4pq2,eatus.maximus@gmail.com,eatus.maximus@gmail.com,user,2026-06-04T18:09:17.936Z
JTvQBv6ojsepiI3Oxy61iuuzsHs2,elaine.forman@hotmail.com,,user,2026-04-04T20:19:05.762Z
vqy9g5Vw6GMgEnjWH2M13deP6Mp1,emmanoyhlmpontas@gmail.com,emmanoyhlmpontas@gmail.com,user,2026-04-14T22:57:44.743Z
7yUJCyGyx1eFhcaiAhi6Bsx37o32,eric.mayall66@outlook.com,eric.mayall66@outlook.com,user,2026-08-09T19:36:27.117Z
6naHmS05d7fvq1H4nu9lLwrN0AT2,eternityimages@live.co.uk,eternityimages@live.co.uk,user,2026-07-27T17:09:45.269Z
jfoWnoI5o6WSDil4BZZ2hYz2KbE3,f4zz468@gmail.com,,user,2026-08-10T06:41:00.351Z
HJR3C5YoFkgYeWfBGJiCsad235I2,forlornhope83@gmail.com,forlornhope83@gmail.com,user,2026-04-13T12:36:55.394Z
0zteXi62BGWhpA2j5yAGhtQbgUD2,frodolittlelegs@hotmail.co.uk,frodolittlelegs@hotmail.co.uk,user,2026-07-10T07:44:55.129Z
uQcYWrmIpiNiw1NgJCJIyH2D5ws2,gareth.boness@gmail.com,,user,2026-07-12T12:27:41.583Z
x7vjPpaqidh8bjwwMxAf59r4fO43,geoff.barker123@gmail.com,,user,2026-07-14T22:12:51.528Z
g6qVSzbZQGhGlNAhgNtCiQA37Rm1,gleaves.joseph14@icloud.com,,user,2026-07-23T21:22:02.948Z
yH0W64qzGoQo00kIXOz6dibXF3C2,grant@tashepherd.com,grant@tashepherd.com,pro,2026-04-20T14:41:47.431Z
AFCGmaPkuZapJesAsc3MoFDnnWw2,harrisoncourtney619@gmail.com,harrisoncourtney619@gmail.com,admin,2026-05-27T11:09:19.684Z
fwz79KhN8xSHxnALPmq4jw89qZA3,holliesmith129@gmail.com,holliesmith129@gmail.com,user,2026-07-27T16:36:49.722Z
Uz642z4rJWd3Il57UqZLTrXzen23,huwsmith@btinternet.com,huwsmith@btinternet.com,user,2026-07-29T19:32:47.254Z
DJBJASnQY4hIlFX2bupoBMN1jRl1,ian.masters@me.com,,user,2026-04-16T13:55:11.484Z
y7i2ruSD6pdFyhqLpF8Ne2d9p4z1,info@churchillpub.co.uk,info@churchillpub.co.uk,user,2026-07-20T20:20:02.172Z
Yw9aj8B6VGNA3GYIlPCWBfZdjtI3,info@coffee-rider.co.uk,info@coffee-rider.co.uk,user,2026-01-26T21:00:48.946Z
K6I1Q8ZruXYd51s1u2xngYMKOKl2,j-williams88@hotmail.com,j-williams88@hotmail.com,user,2026-06-18T17:58:53.156Z
qt48CZIfLxPNKwlaAy5c0x0EtHx2,jafrapenny83@sky.com,jafrapenny83@sky.com,user,2026-07-04T19:00:59.139Z
Qv5ls9QSkTQkfbCrZAaZ8PNLfx52,jamiedeanbrown@hotmail.co.uk,jamiedeanbrown@hotmail.co.uk,user,2026-07-27T13:08:24.370Z
Wc0vz8Cvu4cfRnu8e6iuazmYEDj2,jbalt@icloud.com,,user,2026-08-10T09:07:14.618Z
bcwa467TlgVjZOH78px3CH5VFbB2,jellon@hotmail.com,jellon@hotmail.com,user,2026-06-01T06:53:20.297Z
8B2zlKg1yEPTFYPW4N80LYhYbHW2,jennyrose95@hotmail.co.uk,,user,2026-07-08T20:22:49.787Z
U6WWXBjEioRiSl8soye69nCs3cG2,jhnnns@icloud.com,jhnnns@icloud.com,user,2026-07-20T17:46:03.202Z
4QzIDKU06NhsTvMuB5IJoOG8z7j1,joe.carter15@live.co.uk,,user,2026-07-25T12:14:54.795Z
k7XuvjgB5pO95HCEVzWRanu8DeE3,jonnybeemer@hotmail.co.uk,jonnybeemer@hotmail.co.uk,user,2026-08-08T21:05:21.174Z
s10XdSTjYYfOQZQ29qBrpJxj4BS2,joshi.marshall19@gmail.com,joshi.marshall19@gmail.com,user,2026-07-15T22:39:51.876Z
nYf1NadWffQSTLC8Qz9Kpoc5PEc2,joshuajohnson2010m@gmail.com,joshuajohnson2010m@gmail.com,user,2026-06-12T19:12:41.661Z
4DcortZkDuXVcnvT1ZqiSithq192,juliacrask@aim.com,juliacrask@aim.com,user,2026-04-15T09:01:05.839Z
B2AuSPYjjZd4OG8m12W1d4OLKcr2,karlcuttiford@sky.com,karlcuttiford@sky.com,user,2026-07-28T21:36:51.553Z
HYduUpNpeNSa6MhlA6q1WC2D0Lt1,kevchambers007@btinternet.com,kevchambers007@btinternet.com,user,2026-07-27T16:47:13.365Z
8a1H0lp84Zg5UIPygMs8cO6QlVA2,kevindickerson.47291@gmail.com,kevindickerson.47291@gmail.com,user,2026-06-09T17:31:19.284Z
bQSLAJbOePdPJxDP1KBU8MzKFpX2,kittypj33@aol.com,kittypj33@aol.com,user,2026-08-09T18:55:15.310Z
hGL79tgekpPh4qpHR2AsTsNYDuY2,kriss.oldhams@gmail.com,kriss.oldhams@gmail.com,user,2026-06-01T09:07:05.177Z
gY1bbkWsSsSPSe1T0QkTeKBYkRt2,l-dickinson@hotmail.com,,user,2026-05-12T13:15:58.938Z
63CxIhntYqN5dJGJ1vsv0hoOv8t2,littlehaulier@gmail.com,littlehaulier@gmail.com,user,2026-04-18T21:06:01.834Z
nuCHafWOORWfAalbSOZx47dZHht1,lloydtown@mac.com,lloydtown@mac.com,user,2026-04-13T14:18:05.918Z
BLhh2atTlBWNN9UulGjs8WZqBXi1,lozzy988@gmail.com,lozzy988@gmail.com,user,2026-06-11T20:47:21.879Z
EyleJy4A73N3zXqGky8w0gexMDi2,lsw.cakebread34@gmail.com,lsw.cakebread34@gmail.com,user,2026-07-27T15:27:38.701Z
pIVkbnSyeidrmGRyZCsWOr59zwZ2,luanzindogera7@gmail.com,luanzindogera7@gmail.com,user,2026-07-23T15:12:00.955Z
CKinw4J2oWYTEggSuTUmF5DJD843,lucy9arry@gmail.com,,user,2026-01-12T13:58:51.496Z
9K5myMWQO2Y2Imo2aLUUI8KLMSW2,lurcher.lee@gmail.com,lurcher.lee@gmail.com,user,2026-06-23T17:51:19.092Z
yWzT9AUF2OTvnfMXEiNWMBy6blE3,m.a.d666@hotmail.com,m.a.d666@hotmail.com,user,2026-06-21T16:16:13.190Z
w1AfNsAjfkaSDfCA5FJMkTALdyA3,mag_sergiu@yahoo.com,mag_sergiu@yahoo.com,user,2026-07-27T18:56:17.175Z
prSp6jdqMRbRVFuWD31muhPaoeI2,mailboxforsc@gmail.com,mailboxforsc@gmail.com,user,2026-07-30T09:35:53.994Z
iaMrCzeIWdZiykPkKqo58QYKnDo2,mark.gould@ymail.com,mark.gould@ymail.com,user,2026-05-27T13:36:34.904Z
RJ9S9kJdz1MfA9UzQEgcSENH48x1,markf4259@gmail.com,markf4259@gmail.com,user,2026-06-29T12:38:30.853Z
RulgRTNaqXPzBl3L6KhmDwk7QqJ3,marksenior999@gmail.com,marksenior999@gmail.com,user,2026-05-03T08:04:24.158Z
g72uc2p4pwewxBb6vUrb75XRvnp1,mcd5bc9k7b@privaterelay.appleid.com,markstern63@gmail.com,user,2026-08-02T17:46:53.165Z
CdkrMDshoZVowMwt4pPS9xbW1Rq1,marlimcinerney@gmail.com,marlimcinerney@gmail.com,user,2026-07-26T19:23:00.681Z
QkQ26nKojOPH25fvpnRnDxOtMCD3,matthewwitcherley@googlemail.com,matthewwitcherley@googlemail.com,user,2026-07-13T19:19:03.820Z
AU7MIHSQ29ShuAM2ZtnrshuNcTo1,mbutteriss69@gmail.com,mbutteriss69@gmail.com,pro,2026-04-14T21:21:28.406Z
tI0EPUEPpIWlArIkZugtKXRIIZg2,metal.pig@blackcatguitars.uk,metal.pig@blackcatguitars.uk,user,2026-07-10T11:56:06.217Z
uGWE465IcXPEo0jHGnCNuo2QB6O2,mike@gilbrook.co.uk,mike@gilbrook.co.uk,user,2026-04-14T19:18:53.084Z
rDIwdAaY1nPxsxnDnSQ3iv84nNQ2,mitch_macfarlane@hotmail.com,mitch_macfarlane@hotmail.com,pro,2026-05-06T13:47:47.871Z
zeSiFTwv1ecyLysZhTtbCb8BXUG2,mitja.marc@gmail.com,mitja.marc@gmail.com,user,2026-07-17T09:20:25.070Z
pKPvhnRnCWcH1Lau2DPa7BbRvam1,morgan.trent@gmail.com,morgan.trent@gmail.com,user,2026-05-26T19:24:53.093Z
0lPaYSlOtbeYl0fzeyD5IoDMDiq2,mossiemosforth@gmail.com,mossiemosforth@gmail.com,user,2026-04-17T19:25:25.808Z
evwgfE3LxHW5ugIH513zH7HDeEc2,mrmike@live.co.uk,mrmike@live.co.uk,user,2026-06-15T22:43:47.697Z
kvPu9C708mW55RiC3uk6kjFcgom2,mrtnyt@gmail.com,mrtnyt@gmail.com,user,2026-07-16T11:18:50.845Z
CnwGYWuMpbYcPBpHwWn5t3q0VB22,myacountthis1989@gmail.com,myacountthis1989@gmail.com,user,2026-05-29T19:48:10.467Z
eDRmV1iCwFcaA5o6qibbHX9T1973,mztiller@hotmail.com,,user,2026-07-27T18:28:21.964Z
9YWGUUfP68QIISXMZr6uWQy1qL92,neilstow@live.com,neilstow@live.com,user,2026-06-22T16:12:35.206Z
XGnzCLPSd9MXUxn5RlMqqduJD5I3,nicolajones67@aol.com,nicolajones67@aol.com,user,2026-06-28T08:56:31.953Z
0F3K96f7ptQLCAcBHXFtqI1iX4J2,oharajohn175@aol.com,,user,2026-07-28T06:07:16.529Z
MoH2Id8QMUNXmS8WobteLNnLOYC2,oskardrelewski@gmail.com,oskardrelewski@gmail.com,user,2026-07-15T15:11:17.537Z
PdhvzLN14wh3qiCxoCByyvp2xse2,out4100@hotmail.com,out4100@hotmail.com,user,2026-06-28T00:15:12.695Z
5LSzfSfEgVNfMnqOgiVzCj87VGj1,pete.kerry.miles@googlemail.com,pete.kerry.miles@googlemail.com,user,2026-08-01T07:38:40.896Z
OCbYa6wNxLgobPkZvTqZVAFOTD72,philiplukeroberts@gmail.com,philiplukeroberts@gmail.com,pro,2026-07-20T10:11:17.257Z
55jVjxoRlnMlNBj18YHbNhRXiOh1,philnooner9@yahoo.co.uk,philnooner9@yahoo.co.uk,user,2026-07-21T05:30:06.219Z
4Ns8a3QVaTUJbOVxuBWtjOQ37GX2,plesius8@outlook.com,plesius8@outlook.com,user,2026-05-26T19:58:51.504Z
0NpYtXmscdYVa6HBpzA1BErZgBJ2,rainbowmike@hotmail.co.uk,rainbowmike@hotmail.co.uk,user,2026-07-13T18:50:35.525Z
1GrhCRFgcxWLPQg0F1jMPcg0hHy1,rdell63@gmail.com,rdell63@gmail.com,pro,2026-07-10T13:35:45.927Z
ThZaHDGDaRgPsdPxz5s35IcU05G3,6zwpzrqphm@privaterelay.appleid.com,rebecca.marler@btinternet.com,pro,2026-07-25T11:49:24.034Z
3v05ODbdf3USOcCjSH1kMqhDQu53,rexyroo26@gmail.com,rexyroo26@gmail.com,user,2026-05-29T13:18:22.235Z
kxyqY2pC1qPtLTb2GmvNNuKAMoE3,richard.smith@interflexelectrical.com,richard.smith@interflexelectrical.com,user,2026-07-28T16:45:09.702Z
Bd1JMG2CV6OSNaO3hW4JlE2m7Q42,richard208vickers@btinternet.com,richard208vickers@btinternet.com,user,2026-07-29T04:20:24.473Z
tyHJiw2OwuY7DisuDNZGDeK9oJo1,rickday5050@gmail.com,rickday5050@gmail.com,user,2026-04-17T08:17:54.308Z
pzmtygt9pecTaYaWb5xYGVL8N0y1,ringaclownclown@aol.com,ringaclownclown@aol.com,user,2026-06-15T14:50:56.038Z
e7QCv5YQpYYoDclACj7WDbVstCk1,rudi.jvr13@gmail.com,,user,2026-07-12T06:35:19.116Z
FnC62wBFzwODDpzSwMFBkE4ROeY2,rugby14_8@yahoo.co.uk,rugby14_8@yahoo.co.uk,user,2026-05-29T07:59:04.480Z
piFhBkWFzOdDLYWChZE4NUwIPHz2,russnlou42@gmail.com,russnlou42@gmail.com,user,2026-06-22T12:45:28.439Z
kRX0tHXbfQeaTthbEKzTxk54whW2,rv_g1@yahoo.com,,user,2026-07-15T16:00:34.268Z
p3WgA3L5F6a3CT5EJQ9PGmX6ldr1,sadjad.momeni@outlook.com,sadjad.momeni@outlook.com,user,2026-07-08T12:32:09.359Z
jfpbs9Z2jqN7UsTFWBdgZYxEpJ53,scotty.starkey@hotmail.co.uk,scotty.starkey@hotmail.co.uk,pro,2026-02-01T04:23:12.849Z
0vMdjiNstVcBypxk2PPT2mm93jX2,screetpeep@gmail.com,screetpeep@gmail.com,user,2026-07-29T06:21:00.148Z
vCnO1oEO5hSz97hjV1CUP3xfaNf2,shaunweir125@gmail.com,shaunweir125@gmail.com,user,2026-07-14T09:38:32.929Z
cK0FbmB0OPWJKcp8Q9LijsxgSxn1,silverfox560@hotmail.co.uk,silverfox560@hotmail.co.uk,user,2026-07-11T07:26:38.359Z
IpjpitQaGTMfu3J6h1STrwk1Py93,simonhaile1972@gmail.com,simonhaile1972@gmail.com,user,2026-05-27T15:12:55.740Z
jYJN5ymntLQ3Lu0D5L1xvHsSyHf1,simonobrienconsultancy@gmail.com,simonobrienconsultancy@gmail.com,user,2026-07-21T08:53:01.663Z
VabCqVTyNog2gJ5nBBN8aqnGHfr2,snips619@msn.com,snips619@msn.com,user,2026-07-15T13:21:16.417Z
Q9B4Fe6mpuhsjYYFioOQWIxE8Gh2,solong@hotmail.co.uk,solong@hotmail.co.uk,user,2026-07-15T14:49:15.170Z
73lFzOCYHuP2ve6tXBZSrjHRbQx1,stephen_york_13@hotmail.co.uk,,user,2026-08-02T09:19:57.979Z
Nz1aOQIKshfC3bfGBB9T84HSyjo1,steve.hetherington40@gmail.com,steve.hetherington40@gmail.com,pro,2026-06-30T07:55:08.536Z
SP9hNuNKrxe7lIPM4C2h9wqGyW13,support@coffee-rider.co.uk,support@coffee-rider.co.uk,admin,2025-12-27T19:47:40.729Z
IqsTMwOOXuPworUgzYQ9l6DUKMJ3,test@example.com,test@example.com,user,2026-04-20T21:01:06.689Z
pdLKKcSOwWbrjAQ1T1uSeeJh4Nw2,testing@coffee-rider.co.uk,testing@coffee-rider.co.uk,user,2026-05-18T06:57:12.153Z
fIM2S0pxpvNSERuS2J5lY39XOEu1,thomastodd@gmail.com,thomastodd@gmail.com,user,2026-06-19T11:40:50.292Z
Lmm6UO309haatICLsl8HbT5kHC62,tiller269@gmail.com,tiller269@gmail.com,pro,2026-02-12T13:01:48.222Z
GC5bbqUQQpTwnzNgnIHjWlfgHIn1,timmy.marler@gmail.com,timmy.marler@gmail.com,admin,2025-11-29T01:01:32.917Z
oQL06HWmykZZWY1cZNsxwbyRe0I3,48mgw29bmw@privaterelay.appleid.com,timmy.marler@icloud.com,pro,2026-07-09T20:36:32.551Z
RPXxcCe3eORAxQjnWkdrVTS9Bv42,tomsett83@hotmail.com,tomsett83@hotmail.com,user,2026-06-17T22:04:54.814Z
90s3groGRYfnBvxZuRtTu3kmGsB2,tonykeilty@hotmail.co.uk,tonykeilty@hotmail.co.uk,user,2026-08-01T04:31:57.052Z
wNAZWIm9sUakIFevUHAZLRSVtPX2,volvov40x9@gmail.com,volvov40x9@gmail.com,pro,2026-05-12T20:16:22.572Z
mORgqrTljTROcYwWo1NpS48hXRv1,xkonradtalajx@gmail.com,xkonradtalajx@gmail.com,user,2026-07-07T20:31:25.322Z
TBpPUZa4CnTu9LUe0Ps0fWtOeJW2,zeveritt@hotmail.co.uk,zeveritt@hotmail.co.uk,user,2026-05-26T18:01:34.976Z
